Pattern Code,Series Prefix,Suffix,Suffix Meaning,Sample Book Page,Swatch File,Width px,Height px,Source,Solid Fill Hex
AE-1632,AE,,,36,swatches/AE-1632.jpeg,169,102,embedded,
AE-1632AR,AE,AR,Abrasion Resistant,8,swatches/AE-1632AR.jpeg,349,232,embedded,
AE-1632EX,AE,EX,Exterior,10,swatches/AE-1632EX.jpeg,90,149,embedded,
AE-1632TIL,AE,TIL,Tiled Design,12,swatches/AE-1632TIL.jpeg,133,90,embedded,
AE-1633,AE,,,36,swatches/AE-1633.jpeg,169,240,embedded,
AE-1634,AE,,,44,swatches/AE-1634.jpeg,169,102,embedded,
AE-1634AR,AE,AR,Abrasion Resistant,8,swatches/AE-1634AR.jpeg,90,62,embedded,
AE-1634EX,AE,EX,Exterior,10,swatches/AE-1634EX.jpeg,90,62,embedded,
AE-1634TIL,AE,TIL,Tiled Design,12,swatches/AE-1634TIL.jpeg,133,89,embedded,
AE-1635,AE,,,44,swatches/AE-1635.jpeg,169,102,embedded,
AE-1635EX,AE,EX,Exterior,10,swatches/AE-1635EX.jpeg,90,149,embedded,
AE-1636,AE,,,44,swatches/AE-1636.jpeg,169,102,embedded,
AE-1637,AE,,,42,swatches/AE-1637.jpeg,169,102,embedded,
AE-1638,AE,,,42,swatches/AE-1638.jpeg,169,102,embedded,
AE-1639,AE,,,42,swatches/AE-1639.jpeg,169,102,embedded,
AE-1640,AE,,,42,swatches/AE-1640.jpeg,169,102,embedded,
AE-1643,AE,,,22,swatches/AE-1643.jpeg,169,102,embedded,
AE-1645,AE,,,44,swatches/AE-1645.jpeg,169,102,embedded,
AE-1646,AE,,,44,swatches/AE-1646.jpeg,169,102,embedded,
AE-1717,AE,,,42,swatches/AE-1717.jpeg,169,102,embedded,
AE-1719,AE,,,42,swatches/AE-1719.jpeg,169,102,embedded,
AE-1913MT,AE,MT,Matte Series,38,swatches/AE-1913MT.jpeg,169,240,embedded,
AE-1913TIL,AE,TIL,Tiled Design,12,swatches/AE-1913TIL.jpeg,132,211,embedded,
AE-1917MT,AE,MT,Matte Series,38,swatches/AE-1917MT.jpeg,169,102,embedded,
AE-1921MT,AE,MT,Matte Series,38,swatches/AE-1921MT.jpeg,169,102,embedded,
AE-1928MT,AE,MT,Matte Series,38,swatches/AE-1928MT.jpeg,169,102,embedded,
AE-1930MT,AE,MT,Matte Series,38,swatches/AE-1930MT.jpeg,169,102,embedded,
AE-1932MT,AE,MT,Matte Series,48,swatches/AE-1932MT.jpeg,134,90,embedded,
AE-1944MT,AE,MT,Matte Series,38,swatches/AE-1944MT.jpeg,169,102,embedded,
AE-1953,AE,,,52,swatches/AE-1953.jpeg,134,212,embedded,
AE-1955,AE,,,44,swatches/AE-1955.jpeg,169,102,embedded,
AE-1959MT,AE,MT,Matte Series,38,swatches/AE-1959MT.jpx,169,102,embedded,
AE-1960MT,AE,MT,Matte Series,38,swatches/AE-1960MT.jpeg,169,240,embedded,
AE-2149,AE,,,40,swatches/AE-2149.jpeg,169,102,embedded,
AE-2150,AE,,,40,swatches/AE-2150.jpeg,169,240,embedded,
AE-2151,AE,,,40,swatches/AE-2151.jpeg,169,102,embedded,
AE-2152MT,AE,MT,Matte Series,40,swatches/AE-2152MT.jpeg,169,102,embedded,
AE-2152TIL,AE,TIL,Tiled Design,12,swatches/AE-2152TIL.jpeg,133,209,embedded,
AE-2153AR,AE,AR,Abrasion Resistant,8,swatches/AE-2153AR.jpeg,192,149,embedded,
AE-2153MT,AE,MT,Matte Series,39,swatches/AE-2153MT.jpeg,196,239,embedded,
AE-2153PO,AE,PO,E-Series PO Polyolefin,16,swatches/AE-2153PO.png,319,198,rendered,#FFFFFF
AE-2153TIL,AE,TIL,Tiled Design,12,swatches/AE-2153TIL.jpeg,132,89,embedded,
AE-2154,AE,,,39,swatches/AE-2154.jpeg,196,239,embedded,
AE-2155,AE,,,40,swatches/AE-2155.jpeg,169,102,embedded,
AE-2156,AE,,,42,swatches/AE-2156.jpeg,169,102,embedded,
AE-2157,AE,,,42,swatches/AE-2157.jpeg,169,239,embedded,
AE-2158,AE,,,42,swatches/AE-2158.jpeg,169,102,embedded,
AE-2159,AE,,,42,swatches/AE-2159.jpeg,169,239,embedded,
AE-2160,AE,,,40,swatches/AE-2160.jpeg,169,102,embedded,
AE-2161,AE,,,40,swatches/AE-2161.jpeg,169,240,embedded,
AE-2162MT,AE,MT,Matte Series,37,swatches/AE-2162MT.jpeg,196,239,embedded,
AE-2162PO,AE,PO,E-Series PO Polyolefin,16,swatches/AE-2162PO.png,319,198,rendered,#FFFFFF
AE-2163AR,AE,AR,Abrasion Resistant,8,swatches/AE-2163AR.jpeg,192,149,embedded,
AE-2163MT,AE,MT,Matte Series,43,swatches/AE-2163MT.jpeg,196,239,embedded,
AE-2164MT,AE,MT,Matte Series,43,swatches/AE-2164MT.jpeg,196,239,embedded,
AE-2165MT,AE,MT,Matte Series,43,swatches/AE-2165MT.jpeg,196,239,embedded,
AE-2167AR,AE,AR,Abrasion Resistant,8,swatches/AE-2167AR.jpeg,90,149,embedded,
AE-2167MT,AE,MT,Matte Series,44,swatches/AE-2167MT.jpeg,169,239,embedded,
AE-2168,AE,,,62,swatches/AE-2168.jpeg,169,239,embedded,
AE-2500MT,AE,MT,Matte Series,44,swatches/AE-2500MT.jpeg,350,239,embedded,
AE-2501MT,AE,MT,Matte Series,43,swatches/AE-2501MT.jpeg,196,239,embedded,
AE-2502,AE,,,44,swatches/AE-2502.jpeg,349,239,embedded,
AE-2503,AE,,,42,swatches/AE-2503.jpeg,350,239,embedded,
AE-2504,AE,,,42,swatches/AE-2504.jpeg,350,239,embedded,
AE-2505,AE,,,42,swatches/AE-2505.jpeg,169,239,embedded,
AE-2506,AE,,,42,swatches/AE-2506.jpeg,350,239,embedded,
AE-2507,AE,,,42,swatches/AE-2507.jpeg,169,239,embedded,
AE-2508,AE,,,37,swatches/AE-2508.jpeg,196,239,embedded,
AE-2509,AE,,,40,swatches/AE-2509.jpeg,350,239,embedded,
AE-2510,AE,,,40,swatches/AE-2510.jpeg,350,239,embedded,
AE-2511,AE,,,39,swatches/AE-2511.jpeg,196,239,embedded,
AE-2513,AE,,,39,swatches/AE-2513.jpeg,196,239,embedded,
AM-1700,AM,,,28,swatches/AM-1700.jpeg,133,90,embedded,
BW-1310AR,BW,AR,Abrasion Resistant,7,swatches/BW-1310AR.jpeg,90,62,embedded,
CA-418,CA,,,52,swatches/CA-418.jpx,133,90,embedded,
CA-419,CA,,,52,swatches/CA-419.jpeg,133,90,embedded,
CA-420,CA,,,52,swatches/CA-420.jpeg,133,90,embedded,
CA-421,CA,,,52,swatches/CA-421.jpx,133,90,embedded,
CA-422,CA,,,52,swatches/CA-422.jpeg,133,212,embedded,
CA-1170,CA,,,52,swatches/CA-1170.jpeg,133,212,embedded,
CH-1627,CH,,,31,swatches/CH-1627.jpeg,279,212,embedded,
CH-1628,CH,,,31,swatches/CH-1628.jpx,133,90,embedded,
CH-1628AR,CH,AR,Abrasion Resistant,7,swatches/CH-1628AR.jpx,90,62,embedded,
CH-1629,CH,,,32,swatches/CH-1629.jpeg,133,90,embedded,
CH-1629AR,CH,AR,Abrasion Resistant,7,swatches/CH-1629AR.jpeg,90,62,embedded,
CH-1630,CH,,,31,swatches/CH-1630.jpeg,133,90,embedded,
CH-1630AR,CH,AR,Abrasion Resistant,7,swatches/CH-1630AR.jpeg,90,62,embedded,
CH-1631,CH,,,31,swatches/CH-1631.jpx,133,212,embedded,
CH-1631AR,CH,AR,Abrasion Resistant,7,swatches/CH-1631AR.jpx,90,62,embedded,
CH-1677,CH,,,31,swatches/CH-1677.jpx,133,90,embedded,
CH-2117,CH,,,31,swatches/CH-2117.jpeg,133,90,embedded,
CN-1621,CN,,,38,swatches/CN-1621.jpeg,169,102,embedded,
CN-1621PO,CN,PO,E-Series PO Polyolefin,16,swatches/CN-1621PO.png,320,198,rendered,#FFFFFF
CN-1622,CN,,,37,swatches/CN-1622.jpeg,196,239,embedded,
CN-1623,CN,,,37,swatches/CN-1623.jpeg,196,239,embedded,
CN-1958,CN,,,38,swatches/CN-1958.jpeg,169,102,embedded,
CN-1958PO,CN,PO,E-Series PO Polyolefin,16,swatches/CN-1958PO.png,320,198,rendered,#FFFFFF
CN-2512,CN,,,38,swatches/CN-2512.jpeg,348,239,embedded,
DW-1871MT,DW,MT,Matte Series,60,swatches/DW-1871MT.jpeg,350,240,embedded,
DW-1873MT,DW,MT,Matte Series,58,swatches/DW-1873MT.jpeg,169,102,embedded,
DW-1874MT,DW,MT,Matte Series,59,swatches/DW-1874MT.jpeg,169,102,embedded,
DW-1875MT,DW,MT,Matte Series,57,swatches/DW-1875MT.jpeg,169,102,embedded,
DW-1875PO,DW,PO,E-Series PO Polyolefin,16,swatches/DW-1875PO.png,320,198,rendered,#FFFFFF
DW-1876MT,DW,MT,Matte Series,58,swatches/DW-1876MT.jpeg,169,102,embedded,
DW-1877MT,DW,MT,Matte Series,60,swatches/DW-1877MT.jpeg,169,239,embedded,
DW-1878MT,DW,MT,Matte Series,58,swatches/DW-1878MT.jpeg,169,102,embedded,
DW-1882MT,DW,MT,Matte Series,59,swatches/DW-1882MT.jpeg,169,102,embedded,
DW-1883MT,DW,MT,Matte Series,58,swatches/DW-1883MT.jpeg,169,102,embedded,
DW-1884MT,DW,MT,Matte Series,59,swatches/DW-1884MT.jpeg,169,102,embedded,
DW-1885MT,DW,MT,Matte Series,60,swatches/DW-1885MT.jpeg,169,102,embedded,
DW-1887MT,DW,MT,Matte Series,60,swatches/DW-1887MT.jpeg,169,102,embedded,
DW-1888MT,DW,MT,Matte Series,57,swatches/DW-1888MT.jpeg,169,102,embedded,
DW-1889MT,DW,MT,Matte Series,58,swatches/DW-1889MT.jpeg,169,102,embedded,
DW-1891MT,DW,MT,Matte Series,59,swatches/DW-1891MT.jpeg,169,102,embedded,
DW-1893MT,DW,MT,Matte Series,57,swatches/DW-1893MT.jpeg,169,102,embedded,
DW-1897MT,DW,MT,Matte Series,58,swatches/DW-1897MT.jpeg,169,239,embedded,
DW-1898MT,DW,MT,Matte Series,60,swatches/DW-1898MT.jpeg,169,102,embedded,
DW-1899MT,DW,MT,Matte Series,59,swatches/DW-1899MT.jpeg,169,239,embedded,
DW-1900HMT,DW,HMT,,59,swatches/DW-1900HMT.jpeg,169,239,embedded,
DW-1901MT,DW,MT,Matte Series,58,swatches/DW-1901MT.jpeg,169,102,embedded,
DW-1902MT,DW,MT,Matte Series,57,swatches/DW-1902MT.jpeg,169,102,embedded,
DW-1993MT,DW,MT,Matte Series,57,swatches/DW-1993MT.jpeg,169,102,embedded,
DW-2197MT,DW,MT,Matte Series,57,swatches/DW-2197MT.jpeg,169,239,embedded,
DW-2198MT,DW,MT,Matte Series,57,swatches/DW-2198MT.jpeg,169,102,embedded,
DW-2199MT,DW,MT,Matte Series,57,swatches/DW-2199MT.jpeg,169,102,embedded,
DW-2200MT,DW,MT,Matte Series,57,swatches/DW-2200MT.jpeg,169,102,embedded,
DW-2201MT,DW,MT,Matte Series,57,swatches/DW-2201MT.jpeg,169,102,embedded,
DW-2202MT,DW,MT,Matte Series,57,swatches/DW-2202MT.jpeg,169,102,embedded,
DW-2203MT,DW,MT,Matte Series,57,swatches/DW-2203MT.jpeg,169,102,embedded,
DW-2204MT,DW,MT,Matte Series,58,swatches/DW-2204MT.jpeg,169,102,embedded,
DW-2205MT,DW,MT,Matte Series,58,swatches/DW-2205MT.jpeg,169,102,embedded,
DW-2206MT,DW,MT,Matte Series,58,swatches/DW-2206MT.jpeg,169,102,embedded,
DW-2207MT,DW,MT,Matte Series,58,swatches/DW-2207MT.jpeg,169,240,embedded,
DW-2207PO,DW,PO,E-Series PO Polyolefin,16,swatches/DW-2207PO.png,320,198,rendered,#FFFFFF
DW-2208MT,DW,MT,Matte Series,58,swatches/DW-2208MT.jpeg,169,239,embedded,
DW-2209MT,DW,MT,Matte Series,58,swatches/DW-2209MT.jpeg,169,102,embedded,
DW-2210MT,DW,MT,Matte Series,62,swatches/DW-2210MT.jpeg,169,102,embedded,
DW-2211MT,DW,MT,Matte Series,59,swatches/DW-2211MT.jpeg,169,102,embedded,
DW-2212MT,DW,MT,Matte Series,59,swatches/DW-2212MT.jpeg,169,102,embedded,
DW-2212PO,DW,PO,E-Series PO Polyolefin,16,swatches/DW-2212PO.png,319,198,rendered,#FFFFFF
DW-2213MT,DW,MT,Matte Series,59,swatches/DW-2213MT.jpeg,169,102,embedded,
DW-2213PO,DW,PO,E-Series PO Polyolefin,16,swatches/DW-2213PO.png,319,198,rendered,#FFFFFF
DW-2214MT,DW,MT,Matte Series,59,swatches/DW-2214MT.jpeg,169,239,embedded,
DW-2215MT,DW,MT,Matte Series,59,swatches/DW-2215MT.jpeg,169,102,embedded,
DW-2216MT,DW,MT,Matte Series,59,swatches/DW-2216MT.jpeg,169,102,embedded,
DW-2217MT,DW,MT,Matte Series,59,swatches/DW-2217MT.jpeg,169,102,embedded,
DW-2218MT,DW,MT,Matte Series,57,swatches/DW-2218MT.jpeg,169,102,embedded,
DW-2218PO,DW,PO,E-Series PO Polyolefin,16,swatches/DW-2218PO.png,320,198,rendered,#FFFFFF
DW-2219MT,DW,MT,Matte Series,60,swatches/DW-2219MT.jpeg,169,239,embedded,
DW-2219PO,DW,PO,E-Series PO Polyolefin,16,swatches/DW-2219PO.png,319,198,rendered,#FFFFFF
DW-2221MT,DW,MT,Matte Series,60,swatches/DW-2221MT.jpeg,169,239,embedded,
DW-2222MT,DW,MT,Matte Series,60,swatches/DW-2222MT.jpeg,350,239,embedded,
DW-2223MT,DW,MT,Matte Series,60,swatches/DW-2223MT.jpeg,169,239,embedded,
DW-2225MT,DW,MT,Matte Series,60,swatches/DW-2225MT.jpeg,169,102,embedded,
DW-2229MT,DW,MT,Matte Series,60,swatches/DW-2229MT.jpeg,350,239,embedded,
DW-2229PO,DW,PO,E-Series PO Polyolefin,16,swatches/DW-2229PO.png,320,198,rendered,#FFFFFF
DW-2470MT,DW,MT,Matte Series,57,swatches/DW-2470MT.jpeg,169,239,embedded,
DW-2471MT,DW,MT,Matte Series,57,swatches/DW-2471MT.jpeg,169,239,embedded,
DW-2472MT,DW,MT,Matte Series,58,swatches/DW-2472MT.jpeg,350,239,embedded,
DW-2473MT,DW,MT,Matte Series,58,swatches/DW-2473MT.jpeg,350,239,embedded,
DW-2474MT,DW,MT,Matte Series,59,swatches/DW-2474MT.jpeg,350,239,embedded,
DW-2475MT,DW,MT,Matte Series,59,swatches/DW-2475MT.jpeg,350,239,embedded,
DW-2476MT,DW,MT,Matte Series,57,swatches/DW-2476MT.jpeg,169,239,embedded,
DW-2477MT,DW,MT,Matte Series,57,swatches/DW-2477MT.jpeg,350,239,embedded,
DW-2478MT,DW,MT,Matte Series,58,swatches/DW-2478MT.jpeg,350,239,embedded,
DW-2479MT,DW,MT,Matte Series,57,swatches/DW-2479MT.jpeg,350,239,embedded,
DW-2480MT,DW,MT,Matte Series,60,swatches/DW-2480MT.jpeg,350,239,embedded,
DW-2481MT,DW,MT,Matte Series,59,swatches/DW-2481MT.jpeg,350,239,embedded,
ET-1772,ET,,,32,swatches/ET-1772.jpeg,133,212,embedded,
ET-1775,ET,,,32,swatches/ET-1775.jpeg,279,201,embedded,
FA-020TIL,FA,TIL,Tiled Design,12,swatches/FA-020TIL.jpeg,133,90,embedded,
FA-021TIL,FA,TIL,Tiled Design,12,swatches/FA-021TIL.jpeg,133,90,embedded,
FA-592,FA,,,44,swatches/FA-592.jpeg,169,102,embedded,
FA-688,FA,,,52,swatches/FA-688.jpeg,133,90,embedded,
FA-1153,FA,,,51,swatches/FA-1153.jpeg,196,239,embedded,
FA-1156,FA,,,50,swatches/FA-1156.jpeg,133,90,embedded,
FA-1156DG,FA,DG,Tiled Design (DG),14,swatches/FA-1156DG.jpeg,133,74,embedded,
FA-1161,FA,,,51,swatches/FA-1161.jpeg,196,239,embedded,
FA-1161DG,FA,DG,Tiled Design (DG),14,swatches/FA-1161DG.jpeg,133,180,embedded,
FA-1164,FA,,,52,swatches/FA-1164.jpeg,133,90,embedded,
FA-1166,FA,,,52,swatches/FA-1166.jpeg,133,90,embedded,
FA-1526AR,FA,AR,Abrasion Resistant,8,swatches/FA-1526AR.jpeg,90,62,embedded,
FA-1527AR,FA,AR,Abrasion Resistant,8,swatches/FA-1527AR.jpeg,90,62,embedded,
FA-1530,FA,,,44,swatches/FA-1530.jpeg,169,102,embedded,
FA-1530EX,FA,EX,Exterior,10,swatches/FA-1530EX.jpeg,193,149,embedded,
FA-1531,FA,,,44,swatches/FA-1531.jpeg,169,102,embedded,
FA-1678,FA,,,45,swatches/FA-1678.jpeg,196,239,embedded,
FA-1678AR,FA,AR,Abrasion Resistant,8,swatches/FA-1678AR.jpeg,90,62,embedded,
FA-1962,FA,,,45,swatches/FA-1962.jpeg,196,239,embedded,
FA-1963,FA,,,52,swatches/FA-1963.jpeg,133,212,embedded,
FA-2169,FA,,,45,swatches/FA-2169.jpeg,196,239,embedded,
FA-2543,FA,,,45,swatches/FA-2543.jpeg,196,239,embedded,
FA-2544,FA,,,46,swatches/FA-2544.jpeg,348,238,embedded,
FE-813,FE,,,49,swatches/FE-813.jpeg,133,90,embedded,
FE-1964,FE,,,51,swatches/FE-1964.jpeg,196,239,embedded,
FE-1966,FE,,,50,swatches/FE-1966.jpeg,134,212,embedded,
FE-1967,FE,,,52,swatches/FE-1967.jpeg,134,90,embedded,
FW-232,FW,,,68,swatches/FW-232.jpeg,169,102,embedded,
FW-233,FW,,,67,swatches/FW-233.jpeg,350,240,embedded,
FW-233AR,FW,AR,Abrasion Resistant,7,swatches/FW-233AR.jpeg,90,62,embedded,
FW-233EX,FW,EX,Exterior,10,swatches/FW-233EX.jpeg,90,62,embedded,
FW-234,FW,,,67,swatches/FW-234.jpeg,169,102,embedded,
FW-236,FW,,,66,swatches/FW-236.jpeg,350,240,embedded,
FW-236AR,FW,AR,Abrasion Resistant,7,swatches/FW-236AR.jpeg,90,62,embedded,
FW-236EX,FW,EX,Exterior,10,swatches/FW-236EX.jpeg,90,62,embedded,
FW-237,FW,,,67,swatches/FW-237.jpeg,169,102,embedded,
FW-240,FW,,,68,swatches/FW-240.jpeg,169,102,embedded,
FW-324,FW,,,70,swatches/FW-324.jpeg,169,239,embedded,
FW-324EX,FW,EX,Exterior,10,swatches/FW-324EX.jpx,90,62,embedded,
FW-327,FW,,,67,swatches/FW-327.jpeg,169,102,embedded,
FW-330,FW,,,69,swatches/FW-330.jpeg,169,240,embedded,
FW-330EX,FW,EX,Exterior,10,swatches/FW-330EX.jpeg,90,62,embedded,
FW-332,FW,,,68,swatches/FW-332.jpeg,169,102,embedded,
FW-336,FW,,,63,swatches/FW-336.jpeg,169,102,embedded,
FW-337,FW,,,64,swatches/FW-337.jpeg,169,102,embedded,
FW-337AR,FW,AR,Abrasion Resistant,7,swatches/FW-337AR.jpeg,90,62,embedded,
FW-338,FW,,,69,swatches/FW-338.jpeg,350,240,embedded,
FW-338AR,FW,AR,Abrasion Resistant,7,swatches/FW-338AR.jpeg,90,62,embedded,
FW-502,FW,,,66,swatches/FW-502.jpeg,169,239,embedded,
FW-510,FW,,,68,swatches/FW-510.jpeg,169,102,embedded,
FW-522EX,FW,EX,Exterior,10,swatches/FW-522EX.jpeg,90,62,embedded,
FW-606H,FW,H,Horizontal grain,69,swatches/FW-606H.jpeg,169,102,embedded,
FW-607H,FW,H,Horizontal grain,69,swatches/FW-607H.jpeg,169,102,embedded,
FW-608H,FW,H,Horizontal grain,67,swatches/FW-608H.jpeg,169,102,embedded,
FW-609H,FW,H,Horizontal grain,68,swatches/FW-609H.jpeg,169,102,embedded,
FW-609HEX,FW,HEX,,10,swatches/FW-609HEX.jpeg,90,62,embedded,
FW-612,FW,,,67,swatches/FW-612.jpeg,169,102,embedded,
FW-613,FW,,,68,swatches/FW-613.jpeg,169,102,embedded,
FW-618EX,FW,EX,Exterior,10,swatches/FW-618EX.jpeg,90,62,embedded,
FW-625,FW,,,69,swatches/FW-625.jpeg,169,102,embedded,
FW-625AR,FW,AR,Abrasion Resistant,7,swatches/FW-625AR.jpeg,90,62,embedded,
FW-625EX,FW,EX,Exterior,10,swatches/FW-625EX.jpeg,90,62,embedded,
FW-627,FW,,,69,swatches/FW-627.jpeg,350,240,embedded,
FW-627EX,FW,EX,Exterior,10,swatches/FW-627EX.jpeg,90,62,embedded,
FW-640,FW,,,70,swatches/FW-640.jpeg,169,240,embedded,
FW-640EX,FW,EX,Exterior,10,swatches/FW-640EX.jpeg,90,62,embedded,
FW-641,FW,,,70,swatches/FW-641.jpeg,169,102,embedded,
FW-643EX,FW,EX,Exterior,10,swatches/FW-643EX.jpeg,90,62,embedded,
FW-650,FW,,,68,swatches/FW-650.jpeg,169,102,embedded,
FW-650EX,FW,EX,Exterior,10,swatches/FW-650EX.jpeg,90,62,embedded,
FW-651,FW,,,69,swatches/FW-651.jpeg,169,102,embedded,
FW-651EX,FW,EX,Exterior,10,swatches/FW-651EX.jpeg,90,62,embedded,
FW-655,FW,,,67,swatches/FW-655.jpeg,169,239,embedded,
FW-656,FW,,,69,swatches/FW-656.jpeg,169,102,embedded,
FW-677,FW,,,68,swatches/FW-677.jpeg,169,102,embedded,
FW-788,FW,,,63,swatches/FW-788.jpeg,169,102,embedded,
FW-795,FW,,,67,swatches/FW-795.jpeg,169,102,embedded,
FW-886,FW,,,68,swatches/FW-886.jpeg,169,102,embedded,
FW-887,FW,,,68,swatches/FW-887.jpeg,169,102,embedded,
FW-887EX,FW,EX,Exterior,10,swatches/FW-887EX.jpeg,90,62,embedded,
FW-888,FW,,,67,swatches/FW-888.jpeg,169,102,embedded,
FW-1021,FW,,,66,swatches/FW-1021.jpeg,350,240,embedded,
FW-1022,FW,,,68,swatches/FW-1022.jpeg,169,239,embedded,
FW-1022AR,FW,AR,Abrasion Resistant,7,swatches/FW-1022AR.jpeg,90,62,embedded,
FW-1022EX,FW,EX,Exterior,10,swatches/FW-1022EX.jpeg,193,149,embedded,
FW-1023,FW,,,66,swatches/FW-1023.jpeg,169,240,embedded,
FW-1023EX,FW,EX,Exterior,10,swatches/FW-1023EX.jpeg,90,62,embedded,
FW-1039H,FW,H,Horizontal grain,68,swatches/FW-1039H.jpeg,169,102,embedded,
FW-1113,FW,,,68,swatches/FW-1113.jpeg,169,239,embedded,
FW-1113EX,FW,EX,Exterior,10,swatches/FW-1113EX.jpeg,90,62,embedded,
FW-1121H,FW,H,Horizontal grain,68,swatches/FW-1121H.jpeg,169,102,embedded,
FW-1122,FW,,,66,swatches/FW-1122.jpeg,350,239,embedded,
FW-1122AR,FW,AR,Abrasion Resistant,7,swatches/FW-1122AR.jpeg,90,62,embedded,
FW-1122EX,FW,EX,Exterior,10,swatches/FW-1122EX.jpeg,193,149,embedded,
FW-1123,FW,,,67,swatches/FW-1123.jpeg,169,240,embedded,
FW-1123EX,FW,EX,Exterior,10,swatches/FW-1123EX.jpeg,90,62,embedded,
FW-1124,FW,,,68,swatches/FW-1124.jpeg,169,239,embedded,
FW-1124EX,FW,EX,Exterior,10,swatches/FW-1124EX.jpeg,90,62,embedded,
FW-1125,FW,,,67,swatches/FW-1125.jpeg,350,240,embedded,
FW-1127,FW,,,70,swatches/FW-1127.jpeg,169,102,embedded,
FW-1129,FW,,,65,swatches/FW-1129.jpeg,169,240,embedded,
FW-1129AR,FW,AR,Abrasion Resistant,7,swatches/FW-1129AR.jpeg,90,62,embedded,
FW-1129EX,FW,EX,Exterior,10,swatches/FW-1129EX.jpeg,90,149,embedded,
FW-1130H,FW,H,Horizontal grain,65,swatches/FW-1130H.jpeg,169,102,embedded,
FW-1135,FW,,,69,swatches/FW-1135.jpeg,169,102,embedded,
FW-1136H,FW,H,Horizontal grain,69,swatches/FW-1136H.jpeg,169,240,embedded,
FW-1138,FW,,,63,swatches/FW-1138.jpeg,169,102,embedded,
FW-1138AR,FW,AR,Abrasion Resistant,7,swatches/FW-1138AR.jpeg,90,62,embedded,
FW-1207,FW,,,63,swatches/FW-1207.jpeg,350,248,embedded,
FW-1208,FW,,,63,swatches/FW-1208.jpeg,169,239,embedded,
FW-1211,FW,,,65,swatches/FW-1211.jpeg,169,102,embedded,
FW-1212,FW,,,66,swatches/FW-1212.jpeg,169,102,embedded,
FW-1214,FW,,,65,swatches/FW-1214.jpeg,169,102,embedded,
FW-1214EX,FW,EX,Exterior,10,swatches/FW-1214EX.jpeg,90,62,embedded,
FW-1215,FW,,,64,swatches/FW-1215.jpeg,169,102,embedded,
FW-1216,FW,,,70,swatches/FW-1216.jpeg,169,102,embedded,
FW-1217,FW,,,63,swatches/FW-1217.jpeg,169,239,embedded,
FW-1255,FW,,,63,swatches/FW-1255.jpeg,169,240,embedded,
FW-1256,FW,,,65,swatches/FW-1256.jpeg,169,102,embedded,
FW-1256PO,FW,PO,E-Series PO Polyolefin,16,swatches/FW-1256PO.png,319,198,rendered,#FFFFFF
FW-1257,FW,,,66,swatches/FW-1257.jpeg,169,239,embedded,
FW-1258,FW,,,65,swatches/FW-1258.jpeg,169,102,embedded,
FW-1259,FW,,,64,swatches/FW-1259.jpx,169,102,embedded,
FW-1261,FW,,,63,swatches/FW-1261.jpeg,169,102,embedded,
FW-1262,FW,,,65,swatches/FW-1262.jpeg,169,102,embedded,
FW-1265,FW,,,66,swatches/FW-1265.jpeg,169,102,embedded,
FW-1266,FW,,,64,swatches/FW-1266.jpeg,169,102,embedded,
FW-1272,FW,,,65,swatches/FW-1272.jpeg,169,102,embedded,
FW-1273,FW,,,64,swatches/FW-1273.jpeg,169,239,embedded,
FW-1279,FW,,,65,swatches/FW-1279.jpeg,169,102,embedded,
FW-1280,FW,,,67,swatches/FW-1280.jpeg,169,102,embedded,
FW-1280AR,FW,AR,Abrasion Resistant,7,swatches/FW-1280AR.jpeg,90,62,embedded,
FW-1282,FW,,,69,swatches/FW-1282.jpeg,169,102,embedded,
FW-1283,FW,,,67,swatches/FW-1283.jpeg,169,102,embedded,
FW-1285,FW,,,65,swatches/FW-1285.jpeg,169,102,embedded,
FW-1286,FW,,,66,swatches/FW-1286.jpeg,169,240,embedded,
FW-1291,FW,,,65,swatches/FW-1291.jpeg,169,102,embedded,
FW-1293,FW,,,65,swatches/FW-1293.jpeg,169,102,embedded,
FW-1293AR,FW,AR,Abrasion Resistant,7,swatches/FW-1293AR.jpeg,90,62,embedded,
FW-1294,FW,,,64,swatches/FW-1294.jpeg,169,240,embedded,
FW-1294AR,FW,AR,Abrasion Resistant,7,swatches/FW-1294AR.jpeg,90,62,embedded,
FW-1296,FW,,,66,swatches/FW-1296.jpeg,169,102,embedded,
FW-1302,FW,,,64,swatches/FW-1302.jpeg,169,102,embedded,
FW-1306,FW,,,61,swatches/FW-1306.jpeg,196,239,embedded,
FW-1307,FW,,,64,swatches/FW-1307.jpeg,169,102,embedded,
FW-1331,FW,,,67,swatches/FW-1331.jpeg,169,102,embedded,
FW-1683,FW,,,63,swatches/FW-1683.jpeg,169,102,embedded,
FW-1735H,FW,H,Horizontal grain,61,swatches/FW-1735H.jpeg,196,239,embedded,
FW-1737,FW,,,67,swatches/FW-1737.jpeg,169,239,embedded,
FW-1738,FW,,,67,swatches/FW-1738.jpeg,169,239,embedded,
FW-1743,FW,,,67,swatches/FW-1743.jpeg,169,239,embedded,
FW-1744,FW,,,68,swatches/FW-1744.jpeg,169,239,embedded,
FW-1746,FW,,,69,swatches/FW-1746.jpeg,169,102,embedded,
FW-1751,FW,,,70,swatches/FW-1751.jpeg,350,240,embedded,
FW-1755,FW,,,66,swatches/FW-1755.jpeg,169,240,embedded,
FW-1755PO,FW,PO,E-Series PO Polyolefin,16,swatches/FW-1755PO.png,320,198,rendered,#FFFFFF
FW-1757,FW,,,70,swatches/FW-1757.jpeg,169,239,embedded,
FW-1761,FW,,,63,swatches/FW-1761.jpeg,169,239,embedded,
FW-1765,FW,,,63,swatches/FW-1765.jpeg,169,102,embedded,
FW-1766,FW,,,65,swatches/FW-1766.jpeg,169,102,embedded,
FW-1767,FW,,,64,swatches/FW-1767.jpeg,169,102,embedded,
FW-1770,FW,,,64,swatches/FW-1770.jpeg,350,247,embedded,
FW-1801,FW,,,68,swatches/FW-1801.jpeg,169,102,embedded,
FW-1801EX,FW,EX,Exterior,10,swatches/FW-1801EX.jpeg,90,62,embedded,
FW-1801PO,FW,PO,E-Series PO Polyolefin,16,swatches/FW-1801PO.png,320,198,rendered,#FFFFFF
FW-1805,FW,,,66,swatches/FW-1805.jpeg,169,102,embedded,
FW-1805EX,FW,EX,Exterior,10,swatches/FW-1805EX.jpeg,90,62,embedded,
FW-1810,FW,,,65,swatches/FW-1810.jpeg,169,102,embedded,
FW-1970,FW,,,70,swatches/FW-1970.jpeg,350,239,embedded,
FW-1972,FW,,,65,swatches/FW-1972.jpeg,169,102,embedded,
FW-1974,FW,,,64,swatches/FW-1974.jpeg,169,102,embedded,
FW-1975,FW,,,70,swatches/FW-1975.jpeg,169,102,embedded,
FW-1976,FW,,,64,swatches/FW-1976.jpeg,169,102,embedded,
FW-1977,FW,,,64,swatches/FW-1977.jpeg,169,102,embedded,
FW-1978,FW,,,64,swatches/FW-1978.jpeg,169,239,embedded,
FW-1979,FW,,,70,swatches/FW-1979.jpeg,169,102,embedded,
FW-1981,FW,,,65,swatches/FW-1981.jpeg,169,102,embedded,
FW-1983,FW,,,64,swatches/FW-1983.jpeg,169,239,embedded,
FW-1986,FW,,,70,swatches/FW-1986.jpeg,169,239,embedded,
FW-1987,FW,,,64,swatches/FW-1987.jpeg,169,239,embedded,
FW-1988,FW,,,65,swatches/FW-1988.jpeg,169,102,embedded,
FW-2420,FW,,,63,swatches/FW-2420.jpeg,350,239,embedded,
FW-2421,FW,,,65,swatches/FW-2421.jpeg,350,239,embedded,
FW-2422,FW,,,64,swatches/FW-2422.jpeg,169,239,embedded,
FW-2423,FW,,,65,swatches/FW-2423.jpeg,350,239,embedded,
FW-2424,FW,,,65,swatches/FW-2424.jpeg,169,239,embedded,
FW-2425,FW,,,61,swatches/FW-2425.jpeg,196,239,embedded,
FW-2426,FW,,,62,swatches/FW-2426.jpeg,349,239,embedded,
FW-2427,FW,,,68,swatches/FW-2427.jpeg,350,239,embedded,
FW-7006,FW,,,68,swatches/FW-7006.jpeg,169,102,embedded,
FW-7006EX,FW,EX,Exterior,10,swatches/FW-7006EX.jpeg,90,62,embedded,
FW-7007,FW,,,70,swatches/FW-7007.jpeg,169,102,embedded,
FW-7008,FW,,,68,swatches/FW-7008.jpeg,169,239,embedded,
FW-7008EX,FW,EX,Exterior,10,swatches/FW-7008EX.jpeg,90,62,embedded,
FW-7009,FW,,,69,swatches/FW-7009.jpeg,169,102,embedded,
FW-7011,FW,,,66,swatches/FW-7011.jpeg,169,240,embedded,
FW-7011AR,FW,AR,Abrasion Resistant,7,swatches/FW-7011AR.jpeg,90,62,embedded,
FW-7011EX,FW,EX,Exterior,10,swatches/FW-7011EX.jpeg,90,62,embedded,
FW-7015,FW,,,69,swatches/FW-7015.jpeg,169,102,embedded,
FW-7017,FW,,,63,swatches/FW-7017.jpeg,350,240,embedded,
FW-7017AR,FW,AR,Abrasion Resistant,7,swatches/FW-7017AR.jpeg,90,62,embedded,
HG-1201,HG,,,79,swatches/HG-1201.png,318,163,rendered,#221815
HG-1205,HG,,,79,swatches/HG-1205.png,318,163,rendered,#221815
HG-1511,HG,,,80,swatches/HG-1511.png,318,163,rendered,#221815
HS-1656,HS,,,51,swatches/HS-1656.jpeg,196,239,embedded,
LE-703EX,LE,EX,Exterior,10,swatches/LE-703EX.jpx,90,62,embedded,
LE-1104,LE,,,48,swatches/LE-1104.jpeg,133,212,embedded,
LE-1105,LE,,,48,swatches/LE-1105.jpeg,133,90,embedded,
LE-1106,LE,,,48,swatches/LE-1106.jpeg,133,90,embedded,
LE-1108,LE,,,22,swatches/LE-1108.jpeg,169,102,embedded,
LE-1109,LE,,,22,swatches/LE-1109.jpeg,169,102,embedded,
LE-1171,LE,,,48,swatches/LE-1171.jpeg,133,212,embedded,
LE-1551,LE,,,48,swatches/LE-1551.jpeg,279,212,embedded,
LE-1552,LE,,,48,swatches/LE-1552.jpeg,133,90,embedded,
LE-2128,LE,,,48,swatches/LE-2128.jpeg,133,90,embedded,
LE-2703,LE,,,48,swatches/LE-2703.jpeg,133,212,embedded,
LE-2782,LE,,,48,swatches/LE-2782.jpeg,133,90,embedded,
LW-1081,LW,,,52,swatches/LW-1081.jpeg,133,212,embedded,
LW-1085,LW,,,31,swatches/LW-1085.jpx,133,90,embedded,
LZ-461,LZ,,,52,swatches/LZ-461.jpeg,133,90,embedded,
ME-001EX,ME,EX,Exterior,10,swatches/ME-001EX.jpeg,90,62,embedded,
ME-002EX,ME,EX,Exterior,10,swatches/ME-002EX.jpeg,90,62,embedded,
ME-003EX,ME,EX,Exterior,10,swatches/ME-003EX.jpeg,90,62,embedded,
ME-004EX,ME,EX,Exterior,10,swatches/ME-004EX.jpx,90,62,embedded,
ME-007EX,ME,EX,Exterior,10,swatches/ME-007EX.jpeg,90,63,embedded,
ME-009AR,ME,AR,Abrasion Resistant,7,swatches/ME-009AR.jpeg,90,62,embedded,
ME-147,ME,,,32,swatches/ME-147.jpeg,133,90,embedded,
ME-377,ME,,,31,swatches/ME-377.jpeg,133,90,embedded,
ME-379,ME,,,31,swatches/ME-379.jpeg,133,212,embedded,
ME-379DG,ME,DG,Tiled Design (DG),14,swatches/ME-379DG.jpeg,133,74,embedded,
ME-380,ME,,,32,swatches/ME-380.jpeg,133,90,embedded,
ME-388,ME,,,31,swatches/ME-388.jpeg,133,90,embedded,
ME-391,ME,,,31,swatches/ME-391.jpeg,133,212,embedded,
ME-396,ME,,,31,swatches/ME-396.jpeg,133,90,embedded,
ME-396AR,ME,AR,Abrasion Resistant,7,swatches/ME-396AR.jpeg,90,62,embedded,
ME-431,ME,,,31,swatches/ME-431.jpeg,133,90,embedded,
ME-432,ME,,,31,swatches/ME-432.jpeg,133,90,embedded,
ME-432AR,ME,AR,Abrasion Resistant,7,swatches/ME-432AR.jpeg,90,62,embedded,
ME-432DG,ME,DG,Tiled Design (DG),14,swatches/ME-432DG.jpeg,133,74,embedded,
ME-433,ME,,,31,swatches/ME-433.jpeg,133,90,embedded,
ME-433AR,ME,AR,Abrasion Resistant,7,swatches/ME-433AR.jpeg,90,62,embedded,
ME-486,ME,,,32,swatches/ME-486.jpeg,133,90,embedded,
ME-904,ME,,,31,swatches/ME-904.jpeg,133,90,embedded,
ME-904AR,ME,AR,Abrasion Resistant,7,swatches/ME-904AR.jpeg,90,62,embedded,
ME-1174,ME,,,32,swatches/ME-1174.jpeg,133,90,embedded,
ME-1175,ME,,,31,swatches/ME-1175.jpx,133,90,embedded,
ME-1223,ME,,,32,swatches/ME-1223.jpx,133,212,embedded,
ME-1224,ME,,,32,swatches/ME-1224.jpeg,133,90,embedded,
ME-1225,ME,,,32,swatches/ME-1225.jpeg,133,90,embedded,
ME-1434,ME,,,31,swatches/ME-1434.jpx,133,212,embedded,
ME-1434DG,ME,DG,Tiled Design (DG),14,swatches/ME-1434DG.jpx,133,180,embedded,
ME-1435,ME,,,31,swatches/ME-1435.jpx,133,90,embedded,
ME-1466,ME,,,31,swatches/ME-1466.jpeg,133,90,embedded,
ME-1466AR,ME,AR,Abrasion Resistant,7,swatches/ME-1466AR.jpeg,90,62,embedded,
ME-1467,ME,,,31,swatches/ME-1467.jpeg,133,90,embedded,
ME-1467AR,ME,AR,Abrasion Resistant,7,swatches/ME-1467AR.jpeg,90,62,embedded,
ME-1469,ME,,,26,swatches/ME-1469.jpeg,169,102,embedded,
ME-1684,ME,,,31,swatches/ME-1684.jpx,133,90,embedded,
ME-1684AR,ME,AR,Abrasion Resistant,7,swatches/ME-1684AR.jpx,90,62,embedded,
ME-1685,ME,,,31,swatches/ME-1685.jpx,133,90,embedded,
ME-1716,ME,,,31,swatches/ME-1716.jpeg,133,212,embedded,
ME-1716DG,ME,DG,Tiled Design (DG),14,swatches/ME-1716DG.jpeg,133,74,embedded,
ME-1781,ME,,,31,swatches/ME-1781.jpeg,279,212,embedded,
ME-1781AR,ME,AR,Abrasion Resistant,7,swatches/ME-1781AR.jpeg,90,62,embedded,
ME-1961,ME,,,22,swatches/ME-1961.jpeg,169,102,embedded,
ME-1997,ME,,,32,swatches/ME-1997.jpeg,134,90,embedded,
ME-2020,ME,,,24,swatches/ME-2020.jpeg,169,102,embedded,
ME-2022,ME,,,24,swatches/ME-2022.jpeg,169,102,embedded,
ME-2023,ME,,,24,swatches/ME-2023.jpeg,169,102,embedded,
ME-2024,ME,,,22,swatches/ME-2024.jpeg,169,240,embedded,
ME-2025,ME,,,22,swatches/ME-2025.jpeg,169,102,embedded,
ME-2026,ME,,,22,swatches/ME-2026.jpeg,169,102,embedded,
ME-2027,ME,,,26,swatches/ME-2027.jpx,169,102,embedded,
ME-2172,ME,,,22,swatches/ME-2172.jpeg,350,239,embedded,
ME-2173,ME,,,24,swatches/ME-2173.jpeg,169,239,embedded,
ME-2174,ME,,,26,swatches/ME-2174.jpeg,169,239,embedded,
ME-2261,ME,,,29,swatches/ME-2261.jpx,133,90,embedded,
ME-2262,ME,,,29,swatches/ME-2262.jpx,133,90,embedded,
ME-2263,ME,,,29,swatches/ME-2263.jpx,133,90,embedded,
ME-2264,ME,,,29,swatches/ME-2264.jpeg,279,90,embedded,
ME-2265,ME,,,30,swatches/ME-2265.jpeg,279,212,embedded,
ME-2271,ME,,,29,swatches/ME-2271.jpx,279,90,embedded,
ME-2273,ME,,,29,swatches/ME-2273.jpx,133,90,embedded,
ME-2274,ME,,,29,swatches/ME-2274.jpeg,279,90,embedded,
ME-2281AR,ME,AR,Abrasion Resistant,7,swatches/ME-2281AR.jpx,90,62,embedded,
ME-2282AR,ME,AR,Abrasion Resistant,7,swatches/ME-2282AR.jpx,90,62,embedded,
ME-2283AR,ME,AR,Abrasion Resistant,7,swatches/ME-2283AR.jpx,90,62,embedded,
ME-2284AR,ME,AR,Abrasion Resistant,7,swatches/ME-2284AR.jpeg,90,62,embedded,
ME-2285AR,ME,AR,Abrasion Resistant,7,swatches/ME-2285AR.jpeg,90,62,embedded,
ME-2286AR,ME,AR,Abrasion Resistant,7,swatches/ME-2286AR.jpeg,90,62,embedded,
ME-2287AR,ME,AR,Abrasion Resistant,7,swatches/ME-2287AR.jpeg,90,62,embedded,
ME-2291AR,ME,AR,Abrasion Resistant,7,swatches/ME-2291AR.jpeg,90,62,embedded,
ME-2292AR,ME,AR,Abrasion Resistant,7,swatches/ME-2292AR.jpx,90,62,embedded,
ME-2293AR,ME,AR,Abrasion Resistant,7,swatches/ME-2293AR.jpx,90,63,embedded,
ME-2294AR,ME,AR,Abrasion Resistant,7,swatches/ME-2294AR.jpx,90,149,embedded,
ME-2295AR,ME,AR,Abrasion Resistant,7,swatches/ME-2295AR.jpeg,90,62,embedded,
ME-2296AR,ME,AR,Abrasion Resistant,7,swatches/ME-2296AR.jpeg,90,62,embedded,
ME-2297AR,ME,AR,Abrasion Resistant,7,swatches/ME-2297AR.jpeg,90,149,embedded,
ME-2341,ME,,,29,swatches/ME-2341.jpeg,279,90,embedded,
ME-2343,ME,,,29,swatches/ME-2343.jpeg,133,90,embedded,
ME-2344,ME,,,29,swatches/ME-2344.jpeg,133,90,embedded,
ME-2346,ME,,,29,swatches/ME-2346.jpeg,133,90,embedded,
ME-2351,ME,,,29,swatches/ME-2351.jpeg,279,90,embedded,
ME-2353,ME,,,29,swatches/ME-2353.jpeg,133,90,embedded,
ME-2354,ME,,,29,swatches/ME-2354.jpeg,133,90,embedded,
ME-2356,ME,,,29,swatches/ME-2356.jpeg,133,90,embedded,
ME-2357,ME,,,30,swatches/ME-2357.jpeg,279,212,embedded,
ME-2381AR,ME,AR,Abrasion Resistant,7,swatches/ME-2381AR.jpeg,90,149,embedded,
ME-2383AR,ME,AR,Abrasion Resistant,7,swatches/ME-2383AR.jpeg,90,149,embedded,
ME-2384AR,ME,AR,Abrasion Resistant,7,swatches/ME-2384AR.jpeg,90,62,embedded,
ME-2386AR,ME,AR,Abrasion Resistant,7,swatches/ME-2386AR.jpeg,90,62,embedded,
ME-2550,ME,,,26,swatches/ME-2550.jpeg,169,239,embedded,
ME-2551,ME,,,26,swatches/ME-2551.jpeg,350,239,embedded,
ME-2552,ME,,,26,swatches/ME-2552.jpeg,350,239,embedded,
ME-2553,ME,,,26,swatches/ME-2553.jpeg,350,239,embedded,
ME-2554,ME,,,22,swatches/ME-2554.jpeg,350,239,embedded,
ME-2555,ME,,,22,swatches/ME-2555.jpeg,350,239,embedded,
ME-2556,ME,,,22,swatches/ME-2556.jpeg,350,239,embedded,
ME-2557,ME,,,32,swatches/ME-2557.jpeg,279,212,embedded,
ME-2558,ME,,,32,swatches/ME-2558.jpeg,279,212,embedded,
ME-2559,ME,,,22,swatches/ME-2559.jpeg,350,239,embedded,
ME-2560,ME,,,24,swatches/ME-2560.jpeg,350,239,embedded,
ME-2561,ME,,,26,swatches/ME-2561.jpeg,350,239,embedded,
ME-2562,ME,,,24,swatches/ME-2562.jpeg,350,239,embedded,
ME-2563,ME,,,26,swatches/ME-2563.jpeg,350,239,embedded,
ME-2564,ME,,,24,swatches/ME-2564.jpeg,350,239,embedded,
ME-2565,ME,,,24,swatches/ME-2565.jpeg,350,239,embedded,
MW-777,MW,,,62,swatches/MW-777.jpeg,169,239,embedded,
MW-1416,MW,,,62,swatches/MW-1416.jpeg,169,102,embedded,
MW-1418,MW,,,62,swatches/MW-1418.jpeg,169,102,embedded,
MW-1419,MW,,,62,swatches/MW-1419.jpeg,169,239,embedded,
MW-1832,MW,,,62,swatches/MW-1832.jpeg,169,239,embedded,
NU-1238,NU,,,49,swatches/NU-1238.jpeg,133,90,embedded,
NU-1240,NU,,,49,swatches/NU-1240.jpeg,133,90,embedded,
NU-1785,NU,,,49,swatches/NU-1785.jpeg,133,212,embedded,
NU-1786,NU,,,49,swatches/NU-1786.jpeg,279,212,embedded,
NU-1789,NU,,,49,swatches/NU-1789.jpeg,133,90,embedded,
NU-1791,NU,,,49,swatches/NU-1791.jpeg,133,90,embedded,
NU-1792,NU,,,49,swatches/NU-1792.jpeg,133,90,embedded,
NU-1934MT,NU,MT,Matte Series,49,swatches/NU-1934MT.jpeg,279,212,embedded,
NU-1935MT,NU,MT,Matte Series,49,swatches/NU-1935MT.jpeg,134,212,embedded,
NU-1940MT,NU,MT,Matte Series,49,swatches/NU-1940MT.jpeg,134,212,embedded,
NU-1941MT,NU,MT,Matte Series,49,swatches/NU-1941MT.jpeg,279,212,embedded,
NU-2003,NU,,,50,swatches/NU-2003.jpeg,133,212,embedded,
NU-2006,NU,,,50,swatches/NU-2006.jpeg,133,90,embedded,
NU-2007,NU,,,50,swatches/NU-2007.jpeg,133,212,embedded,
NU-2008,NU,,,50,swatches/NU-2008.jpeg,134,90,embedded,
NU-2009,NU,,,49,swatches/NU-2009.jpeg,133,212,embedded,
NU-2010,NU,,,49,swatches/NU-2010.jpeg,133,212,embedded,
NU-2012,NU,,,49,swatches/NU-2012.jpeg,133,212,embedded,
NU-2013,NU,,,49,swatches/NU-2013.jpeg,133,90,embedded,
NU-2014,NU,,,49,swatches/NU-2014.jpeg,134,90,embedded,
NU-2175MT,NU,MT,Matte Series,49,swatches/NU-2175MT.jpeg,279,212,embedded,
NU-2176MT,NU,MT,Matte Series,49,swatches/NU-2176MT.jpeg,134,212,embedded,
NU-2177,NU,,,50,swatches/NU-2177.jpeg,134,212,embedded,
NU-2178,NU,,,50,swatches/NU-2178.jpeg,279,212,embedded,
NU-2179,NU,,,50,swatches/NU-2179.jpeg,279,212,embedded,
OM-2393,OM,,,29,swatches/OM-2393.jpeg,422,90,embedded,
OM-2394,OM,,,29,swatches/OM-2394.jpeg,133,90,embedded,
OM-2396,OM,,,29,swatches/OM-2396.jpeg,133,90,embedded,
PA-036,PA,,,32,swatches/PA-036.jpeg,133,90,embedded,
PA-038,PA,,,32,swatches/PA-038.jpeg,133,90,embedded,
PA-038EX,PA,EX,Exterior,10,swatches/PA-038EX.jpeg,90,62,embedded,
PA-039,PA,,,32,swatches/PA-039.jpeg,133,90,embedded,
PA-039EX,PA,EX,Exterior,10,swatches/PA-039EX.jpeg,90,62,embedded,
PA-045,PA,,,31,swatches/PA-045.jpeg,133,212,embedded,
PA-045AR,PA,AR,Abrasion Resistant,7,swatches/PA-045AR.jpeg,90,62,embedded,
PA-046,PA,,,32,swatches/PA-046.jpeg,133,90,embedded,
PA-175,PA,,,32,swatches/PA-175.jpeg,133,90,embedded,
PA-178,PA,,,31,swatches/PA-178.jpeg,133,90,embedded,
PA-180,PA,,,32,swatches/PA-180.jpeg,133,90,embedded,
PA-180AR,PA,AR,Abrasion Resistant,7,swatches/PA-180AR.jpeg,90,62,embedded,
PA-180DG,PA,DG,Tiled Design (DG),14,swatches/PA-180DG.jpeg,279,180,embedded,
PA-181,PA,,,32,swatches/PA-181.jpx,133,90,embedded,
PA-181AR,PA,AR,Abrasion Resistant,7,swatches/PA-181AR.jpx,90,62,embedded,
PA-181EX,PA,EX,Exterior,10,swatches/PA-181EX.jpx,90,62,embedded,
PA-183,PA,,,32,swatches/PA-183.jpx,133,90,embedded,
PA-183AR,PA,AR,Abrasion Resistant,7,swatches/PA-183AR.jpx,90,62,embedded,
PA-184,PA,,,31,swatches/PA-184.jpeg,133,90,embedded,
PA-185,PA,,,32,swatches/PA-185.jpx,133,90,embedded,
PA-187,PA,,,32,swatches/PA-187.jpx,133,90,embedded,
PA-187AR,PA,AR,Abrasion Resistant,7,swatches/PA-187AR.jpx,90,62,embedded,
PA-187EX,PA,EX,Exterior,10,swatches/PA-187EX.jpx,193,149,embedded,
PA-320,PA,,,32,swatches/PA-320.jpeg,133,90,embedded,
PA-389,PA,,,32,swatches/PA-389.jpx,133,90,embedded,
PA-389AR,PA,AR,Abrasion Resistant,7,swatches/PA-389AR.jpx,90,62,embedded,
PA-389EX,PA,EX,Exterior,10,swatches/PA-389EX.jpx,90,62,embedded,
PA-390,PA,,,32,swatches/PA-390.jpeg,133,90,embedded,
PA-390EX,PA,EX,Exterior,10,swatches/PA-390EX.jpeg,90,149,embedded,
PA-683,PA,,,32,swatches/PA-683.jpeg,133,90,embedded,
PA-1854EX,PA,EX,Exterior,10,swatches/PA-1854EX.jpeg,90,62,embedded,
PC-672,PC,,,44,swatches/PC-672.jpeg,169,102,embedded,
PC-1179,PC,,,44,swatches/PC-1179.jpeg,169,102,embedded,
PG-190,PG,,,52,swatches/PG-190.jpeg,133,90,embedded,
PG-197,PG,,,52,swatches/PG-197.jpeg,133,90,embedded,
PS-001AR,PS,AR,Abrasion Resistant,8,swatches/PS-001AR.jpx,193,149,embedded,
PS-002AR,PS,AR,Abrasion Resistant,8,swatches/PS-002AR.jpx,90,62,embedded,
PS-003AR,PS,AR,Abrasion Resistant,8,swatches/PS-003AR.jpx,90,62,embedded,
PS-004AR,PS,AR,Abrasion Resistant,8,swatches/PS-004AR.jpx,90,62,embedded,
PS-005AR,PS,AR,Abrasion Resistant,8,swatches/PS-005AR.jpx,90,62,embedded,
PS-006AR,PS,AR,Abrasion Resistant,8,swatches/PS-006AR.jpx,90,62,embedded,
PS-007AR,PS,AR,Abrasion Resistant,8,swatches/PS-007AR.jpx,90,62,embedded,
PS-008AR,PS,AR,Abrasion Resistant,8,swatches/PS-008AR.jpx,90,62,embedded,
PS-009TIL,PS,TIL,Tiled Design,12,swatches/PS-009TIL.jpx,133,90,embedded,
PS-010TIL,PS,TIL,Tiled Design,12,swatches/PS-010TIL.png,266,180,embedded,
PS-012TIL,PS,TIL,Tiled Design,12,swatches/PS-012TIL.jpx,133,90,embedded,
PS-022,PS,,,79,swatches/PS-022.png,318,163,rendered,#221815
PS-027,PS,,,80,swatches/PS-027.png,318,163,rendered,#221815
PS-034,PS,,,79,swatches/PS-034.png,318,163,rendered,#221815
PS-042,PS,,,79,swatches/PS-042.png,318,163,rendered,#221815
PS-048,PS,,,79,swatches/PS-048.png,318,163,rendered,#221815
PS-051AR,PS,AR,Abrasion Resistant,8,swatches/PS-051AR.jpx,192,149,embedded,
PS-055AR,PS,AR,Abrasion Resistant,8,swatches/PS-055AR.jpeg,90,149,embedded,
PS-057AR,PS,AR,Abrasion Resistant,8,swatches/PS-057AR.jpeg,90,149,embedded,
PS-058AR,PS,AR,Abrasion Resistant,8,swatches/PS-058AR.jpeg,90,149,embedded,
PS-073,PS,,,79,swatches/PS-073.png,318,163,rendered,#221815
PS-074,PS,,,80,swatches/PS-074.png,318,163,rendered,#221815
PS-075,PS,,,80,swatches/PS-075.png,318,163,rendered,#221815
PS-090,PS,,,79,swatches/PS-090.png,318,163,rendered,#221815
PS-090EX,PS,EX,Exterior,10,swatches/PS-090EX.jpeg,90,62,embedded,
PS-091,PS,,,79,swatches/PS-091.png,318,163,rendered,#221815
PS-093,PS,,,79,swatches/PS-093.png,318,163,rendered,#221815
PS-107,PS,,,80,swatches/PS-107.png,318,163,rendered,#221815
PS-110,PS,,,80,swatches/PS-110.png,318,163,rendered,#221815
PS-112,PS,,,80,swatches/PS-112.png,318,163,rendered,#221815
PS-116,PS,,,80,swatches/PS-116.png,318,163,rendered,#221815
PS-121,PS,,,80,swatches/PS-121.png,318,163,rendered,#221815
PS-134,PS,,,80,swatches/PS-134.png,318,163,rendered,#221815
PS-135,PS,,,80,swatches/PS-135.png,318,163,rendered,#221815
PS-140,PS,,,80,swatches/PS-140.png,318,163,rendered,#221815
PS-141,PS,,,80,swatches/PS-141.png,318,163,rendered,#221815
PS-281,PS,,,80,swatches/PS-281.png,318,163,rendered,#221815
PS-292,PS,,,80,swatches/PS-292.png,318,163,rendered,#221815
PS-293,PS,,,80,swatches/PS-293.png,318,163,rendered,#221815
PS-294,PS,,,80,swatches/PS-294.png,318,163,rendered,#221815
PS-503,PS,,,79,swatches/PS-503.png,318,163,rendered,#221815
PS-504,PS,,,79,swatches/PS-504.png,318,163,rendered,#221815
PS-504DG,PS,DG,Tiled Design (DG),14,swatches/PS-504DG.jpeg,133,74,embedded,
PS-506,PS,,,80,swatches/PS-506.png,318,163,rendered,#221815
PS-665,PS,,,80,swatches/PS-665.png,318,163,rendered,#221815
PS-668,PS,,,80,swatches/PS-668.png,318,163,rendered,#221815
PS-713,PS,,,80,swatches/PS-713.png,318,163,rendered,#221815
PS-885,PS,,,79,swatches/PS-885.png,318,163,rendered,#221815
PS-900,PS,,,80,swatches/PS-900.png,318,163,rendered,#221815
PS-910,PS,,,80,swatches/PS-910.png,318,163,rendered,#221815
PS-912,PS,,,80,swatches/PS-912.png,318,163,rendered,#221815
PS-914,PS,,,80,swatches/PS-914.png,318,163,rendered,#221815
PS-920,PS,,,80,swatches/PS-920.png,318,163,rendered,#221815
PS-948,PS,,,79,swatches/PS-948.png,318,163,rendered,#221815
PS-949,PS,,,79,swatches/PS-949.png,318,163,rendered,#221815
PS-950,PS,,,79,swatches/PS-950.png,318,163,rendered,#221815
PS-952,PS,,,79,swatches/PS-952.png,318,163,rendered,#221815
PS-954,PS,,,79,swatches/PS-954.png,318,163,rendered,#221815
PS-955,PS,,,79,swatches/PS-955.png,318,163,rendered,#221815
PS-957,PS,,,79,swatches/PS-957.png,318,163,rendered,#221815
PS-957EX,PS,EX,Exterior,10,swatches/PS-957EX.jpeg,90,62,embedded,
PS-959,PS,,,79,swatches/PS-959.png,318,163,rendered,#221815
PS-959EX,PS,EX,Exterior,10,swatches/PS-959EX.jpeg,90,62,embedded,
PS-971,PS,,,79,swatches/PS-971.png,318,163,rendered,#221815
PS-975,PS,,,79,swatches/PS-975.png,318,163,rendered,#221815
PS-976,PS,,,79,swatches/PS-976.png,318,163,rendered,#221815
PS-976EX,PS,EX,Exterior,10,swatches/PS-976EX.jpeg,90,62,embedded,
PS-982,PS,,,79,swatches/PS-982.png,318,163,rendered,#221815
PS-982TIL,PS,TIL,Tiled Design,12,swatches/PS-982TIL.jpeg,133,90,embedded,
PS-992,PS,,,79,swatches/PS-992.png,318,163,rendered,#221815
PS-998,PS,,,79,swatches/PS-998.png,318,163,rendered,#221815
PS-999,PS,,,78,swatches/PS-999.png,340,173,rendered,#221815
PS-1005,PS,,,79,swatches/PS-1005.png,318,163,rendered,#221815
PS-1008,PS,,,80,swatches/PS-1008.png,318,163,rendered,#221815
PS-1009,PS,,,80,swatches/PS-1009.png,318,163,rendered,#221815
PS-1010,PS,,,80,swatches/PS-1010.png,318,163,rendered,#221815
PS-1183,PS,,,79,swatches/PS-1183.png,318,163,rendered,#221815
PS-1184,PS,,,79,swatches/PS-1184.png,318,163,rendered,#221815
PS-1185,PS,,,79,swatches/PS-1185.png,318,163,rendered,#221815
PS-1186,PS,,,79,swatches/PS-1186.png,318,163,rendered,#221815
PS-1187,PS,,,79,swatches/PS-1187.png,318,163,rendered,#221815
PS-1188,PS,,,79,swatches/PS-1188.png,318,163,rendered,#221815
PS-1437,PS,,,79,swatches/PS-1437.png,318,163,rendered,#221815
PS-1438,PS,,,79,swatches/PS-1438.png,318,163,rendered,#221815
PS-1439,PS,,,79,swatches/PS-1439.png,318,163,rendered,#221815
PS-1440,PS,,,79,swatches/PS-1440.png,318,163,rendered,#221815
PS-1442,PS,,,80,swatches/PS-1442.png,318,163,rendered,#221815
PS-1443,PS,,,80,swatches/PS-1443.png,318,163,rendered,#221815
PS-1444,PS,,,80,swatches/PS-1444.png,318,163,rendered,#221815
PS-1446,PS,,,80,swatches/PS-1446.png,318,163,rendered,#221815
PS-1447,PS,,,80,swatches/PS-1447.png,318,163,rendered,#221815
PS-1450,PS,,,80,swatches/PS-1450.png,318,163,rendered,#221815
PS-1454,PS,,,80,swatches/PS-1454.png,318,163,rendered,#221815
PS-1455,PS,,,80,swatches/PS-1455.png,318,163,rendered,#221815
PS-1457,PS,,,80,swatches/PS-1457.png,318,163,rendered,#221815
PS-1459,PS,,,80,swatches/PS-1459.png,318,163,rendered,#221815
PS-1821,PS,,,80,swatches/PS-1821.png,318,163,rendered,#221815
PS-1823,PS,,,80,swatches/PS-1823.png,318,163,rendered,#221815
PS-1825,PS,,,80,swatches/PS-1825.png,318,163,rendered,#221815
PS-1826,PS,,,80,swatches/PS-1826.png,318,163,rendered,#221815
PS-1870MT,PS,MT,Matte Series,78,swatches/PS-1870MT.jpx,133,90,embedded,
PS-2400MTRC,PS,MTRC,,20,swatches/PS-2400MTRC.jpeg,169,189,embedded,
PS-2401MTRC,PS,MTRC,,20,swatches/PS-2401MTRC.jpeg,169,189,embedded,
PS-2402MTRC,PS,MTRC,,20,swatches/PS-2402MTRC.jpeg,169,189,embedded,
PS-2403MTRC,PS,MTRC,,20,swatches/PS-2403MTRC.jpeg,169,189,embedded,
PS-2404MTRC,PS,MTRC,,20,swatches/PS-2404MTRC.jpeg,169,189,embedded,
PS-2405MTRC,PS,MTRC,,20,swatches/PS-2405MTRC.jpeg,169,189,embedded,
PS-2406MTRC,PS,MTRC,,20,swatches/PS-2406MTRC.jpeg,169,189,embedded,
PS-3091MT,PS,MT,Matte Series,78,swatches/PS-3091MT.jpx,133,90,embedded,
PS-3092MT,PS,MT,Matte Series,78,swatches/PS-3092MT.jpx,133,90,embedded,
PS-3093MT,PS,MT,Matte Series,78,swatches/PS-3093MT.jpx,133,90,embedded,
PS-3094MT,PS,MT,Matte Series,78,swatches/PS-3094MT.jpx,133,90,embedded,
PS-3095MT,PS,MT,Matte Series,78,swatches/PS-3095MT.jpx,133,212,embedded,
PS-3096MT,PS,MT,Matte Series,78,swatches/PS-3096MT.jpx,133,90,embedded,
PS-3097MT,PS,MT,Matte Series,78,swatches/PS-3097MT.jpx,133,90,embedded,
PS-3098MT,PS,MT,Matte Series,78,swatches/PS-3098MT.jpx,133,212,embedded,
PS-3100MT,PS,MT,Matte Series,78,swatches/PS-3100MT.jpeg,133,212,embedded,
PS-3101MT,PS,MT,Matte Series,78,swatches/PS-3101MT.jpx,133,89,embedded,
PS-3863MT,PS,MT,Matte Series,78,swatches/PS-3863MT.jpx,133,90,embedded,
PS-3864MT,PS,MT,Matte Series,78,swatches/PS-3864MT.jpx,133,90,embedded,
PS-3865MT,PS,MT,Matte Series,78,swatches/PS-3865MT.jpx,133,90,embedded,
PS-3866MT,PS,MT,Matte Series,78,swatches/PS-3866MT.jpx,133,212,embedded,
PS-3869MT,PS,MT,Matte Series,78,swatches/PS-3869MT.jpx,133,90,embedded,
PS-3870MT,PS,MT,Matte Series,78,swatches/PS-3870MT.png,235,117,embedded,
PS-3904MT,PS,MT,Matte Series,78,swatches/PS-3904MT.jpx,133,212,embedded,
PS-3989MT,PS,MT,Matte Series,78,swatches/PS-3989MT.jpx,133,90,embedded,
PT-345,PT,,,52,swatches/PT-345.jpeg,133,90,embedded,
PT-345AR,PT,AR,Abrasion Resistant,8,swatches/PT-345AR.jpeg,90,62,embedded,
PT-346,PT,,,52,swatches/PT-346.jpeg,133,90,embedded,
PT-346TIL,PT,TIL,Tiled Design,12,swatches/PT-346TIL.jpeg,133,90,embedded,
PT-364TIL,PT,TIL,Tiled Design,52,swatches/PT-364TIL.png,383,262,rendered,#221815
PT-735,PT,,,52,swatches/PT-735.jpeg,133,90,embedded,
PW-2305MT,PW,MT,Matte Series,55,swatches/PW-2305MT.jpeg,350,239,embedded,
PW-2306MT,PW,MT,Matte Series,55,swatches/PW-2306MT.jpeg,169,102,embedded,
PW-2307MT,PW,MT,Matte Series,55,swatches/PW-2307MT.jpeg,169,102,embedded,
PW-2308MT,PW,MT,Matte Series,56,swatches/PW-2308MT.jpeg,169,102,embedded,
PW-2309MT,PW,MT,Matte Series,55,swatches/PW-2309MT.jpeg,169,102,embedded,
PW-2310MT,PW,MT,Matte Series,56,swatches/PW-2310MT.jpeg,169,102,embedded,
PW-2311MT,PW,MT,Matte Series,56,swatches/PW-2311MT.jpeg,169,102,embedded,
PW-2312MT,PW,MT,Matte Series,55,swatches/PW-2312MT.jpeg,169,102,embedded,
PW-2313MT,PW,MT,Matte Series,56,swatches/PW-2313MT.jpeg,169,102,embedded,
PW-2314MT,PW,MT,Matte Series,56,swatches/PW-2314MT.jpeg,169,240,embedded,
PW-2315MT,PW,MT,Matte Series,56,swatches/PW-2315MT.jpeg,169,239,embedded,
PW-2316MT,PW,MT,Matte Series,56,swatches/PW-2316MT.jpeg,169,239,embedded,
PW-2319MT,PW,MT,Matte Series,56,swatches/PW-2319MT.jpeg,169,239,embedded,
PW-2320MT,PW,MT,Matte Series,55,swatches/PW-2320MT.jpeg,350,239,embedded,
PW-2321MT,PW,MT,Matte Series,56,swatches/PW-2321MT.jpeg,350,239,embedded,
PW-2322MT,PW,MT,Matte Series,56,swatches/PW-2322MT.jpeg,350,239,embedded,
PW-2323MT,PW,MT,Matte Series,55,swatches/PW-2323MT.jpeg,350,239,embedded,
PW-2324MT,PW,MT,Matte Series,56,swatches/PW-2324MT.jpeg,350,239,embedded,
PW-2325MT,PW,MT,Matte Series,55,swatches/PW-2325MT.jpeg,350,239,embedded,
PW-2326MT,PW,MT,Matte Series,55,swatches/PW-2326MT.jpeg,350,239,embedded,
PW-2327MT,PW,MT,Matte Series,55,swatches/PW-2327MT.jpeg,350,239,embedded,
PW-2328MT,PW,MT,Matte Series,56,swatches/PW-2328MT.jpeg,350,239,embedded,
PWF-500,PWF,,,13,swatches/PWF-500.png,96,54,embedded,
RT-1111,RT,,,26,swatches/RT-1111.jpeg,169,102,embedded,
RT-1112,RT,,,24,swatches/RT-1112.jpeg,167,102,embedded,
RT-1827,RT,,,26,swatches/RT-1827.jpx,169,102,embedded,
RT-1827DG,RT,DG,Tiled Design (DG),14,swatches/RT-1827DG.jpx,279,180,embedded,
SE-010AR,SE,AR,Abrasion Resistant,8,swatches/SE-010AR.png,262,185,rendered,#221815
SE-567AR,SE,AR,Abrasion Resistant,8,swatches/SE-567AR.jpeg,90,62,embedded,
SE-568AR,SE,AR,Abrasion Resistant,8,swatches/SE-568AR.jpeg,90,62,embedded,
SI-1686,SI,,,49,swatches/SI-1686.jpeg,133,212,embedded,
SI-1688,SI,,,50,swatches/SI-1688.jpeg,133,90,embedded,
ST-024TIL,ST,TIL,Tiled Design,12,swatches/ST-024TIL.jpeg,133,212,embedded,
ST-442EX,ST,EX,Exterior,10,swatches/ST-442EX.jpeg,193,149,embedded,
ST-736AR,ST,AR,Abrasion Resistant,8,swatches/ST-736AR.jpeg,90,62,embedded,
ST-736EX,ST,EX,Exterior,10,swatches/ST-736EX.jpeg,90,62,embedded,
ST-736TIL,ST,TIL,Tiled Design,12,swatches/ST-736TIL.jpeg,133,90,embedded,
ST-737TIL,ST,TIL,Tiled Design,12,swatches/ST-737TIL.jpeg,133,90,embedded,
ST-1195TIL,ST,TIL,Tiled Design,12,swatches/ST-1195TIL.jpeg,133,90,embedded,
ST-1586,ST,,,34,swatches/ST-1586.jpeg,169,102,embedded,
ST-1587,ST,,,34,swatches/ST-1587.jpeg,169,102,embedded,
ST-1587DG,ST,DG,Tiled Design (DG),14,swatches/ST-1587DG.jpeg,279,180,embedded,
ST-1588,ST,,,34,swatches/ST-1588.jpeg,169,102,embedded,
ST-1828,ST,,,36,swatches/ST-1828.jpeg,169,102,embedded,
ST-1829,ST,,,36,swatches/ST-1829.jpeg,169,102,embedded,
ST-1831,ST,,,34,swatches/ST-1831.jpeg,169,102,embedded,
ST-1831DG,ST,DG,Tiled Design (DG),14,swatches/ST-1831DG.jpeg,279,180,embedded,
ST-1831TIL,ST,TIL,Tiled Design,12,swatches/ST-1831TIL.jpeg,133,90,embedded,
ST-1911MT,ST,MT,Matte Series,36,swatches/ST-1911MT.jpx,169,102,embedded,
ST-1914AR,ST,AR,Abrasion Resistant,8,swatches/ST-1914AR.jpeg,192,149,embedded,
ST-1914MT,ST,MT,Matte Series,34,swatches/ST-1914MT.jpeg,169,102,embedded,
ST-1914TIL,ST,TIL,Tiled Design,12,swatches/ST-1914TIL.jpeg,132,89,embedded,
ST-1915MT,ST,MT,Matte Series,36,swatches/ST-1915MT.jpeg,169,240,embedded,
ST-1918MT,ST,MT,Matte Series,36,swatches/ST-1918MT.jpeg,169,102,embedded,
ST-1919AR,ST,AR,Abrasion Resistant,8,swatches/ST-1919AR.jpeg,192,149,embedded,
ST-1919MT,ST,MT,Matte Series,36,swatches/ST-1919MT.jpeg,169,102,embedded,
ST-1920MT,ST,MT,Matte Series,34,swatches/ST-1920MT.jpeg,169,102,embedded,
ST-1920TIL,ST,TIL,Tiled Design,12,swatches/ST-1920TIL.jpeg,132,209,embedded,
ST-1927MT,ST,MT,Matte Series,34,swatches/ST-1927MT.jpeg,169,240,embedded,
ST-2170MT,ST,MT,Matte Series,36,swatches/ST-2170MT.jpeg,169,239,embedded,
ST-2171AR,ST,AR,Abrasion Resistant,8,swatches/ST-2171AR.jpeg,192,149,embedded,
ST-2171MT,ST,MT,Matte Series,35,swatches/ST-2171MT.jpeg,196,239,embedded,
ST-2171TIL,ST,TIL,Tiled Design,12,swatches/ST-2171TIL.jpeg,132,209,embedded,
ST-2530MT,ST,MT,Matte Series,33,swatches/ST-2530MT.jpeg,196,239,embedded,
ST-2531MT,ST,MT,Matte Series,33,swatches/ST-2531MT.jpeg,196,239,embedded,
ST-2532MT,ST,MT,Matte Series,34,swatches/ST-2532MT.jpeg,169,239,embedded,
ST-2533MT,ST,MT,Matte Series,34,swatches/ST-2533MT.jpeg,169,239,embedded,
ST-2534MT,ST,MT,Matte Series,34,swatches/ST-2534MT.jpeg,169,239,embedded,
ST-2535MT,ST,MT,Matte Series,33,swatches/ST-2535MT.jpeg,196,239,embedded,
ST-2536MT,ST,MT,Matte Series,34,swatches/ST-2536MT.jpeg,169,240,embedded,
ST-2537MT,ST,MT,Matte Series,34,swatches/ST-2537MT.jpeg,169,239,embedded,
ST-2538MT,ST,MT,Matte Series,33,swatches/ST-2538MT.jpeg,196,239,embedded,
ST-2539,ST,,,35,swatches/ST-2539.jpeg,196,239,embedded,
ST-2540MT,ST,MT,Matte Series,36,swatches/ST-2540MT.jpeg,350,239,embedded,
ST-2541MT,ST,MT,Matte Series,35,swatches/ST-2541MT.jpeg,196,239,embedded,
ST-2542MT,ST,MT,Matte Series,35,swatches/ST-2542MT.jpeg,196,239,embedded,
SU-2231MT,SU,MT,Matte Series,48,swatches/SU-2231MT.jpeg,134,90,embedded,
SU-2232MT,SU,MT,Matte Series,48,swatches/SU-2232MT.jpeg,425,336,embedded,
SU-2233MT,SU,MT,Matte Series,48,swatches/SU-2233MT.jpeg,279,212,embedded,
SU-2234MT,SU,MT,Matte Series,48,swatches/SU-2234MT.jpeg,279,212,embedded,
SU-2235MT,SU,MT,Matte Series,48,swatches/SU-2235MT.jpeg,134,212,embedded,
TE-1650,TE,,,52,swatches/TE-1650.jpeg,133,212,embedded,
TE-1713,TE,,,52,swatches/TE-1713.jpeg,133,90,embedded,
VM-305,VM,,,28,swatches/VM-305.jpeg,133,90,embedded,
VM-1487,VM,,,28,swatches/VM-1487.jpeg,134,90,embedded,
VM-1488,VM,,,28,swatches/VM-1488.jpeg,133,212,embedded,
VM-1489,VM,,,28,swatches/VM-1489.jpeg,133,212,embedded,
VM-1691,VM,,,28,swatches/VM-1691.jpeg,133,90,embedded,
VM-1692,VM,,,28,swatches/VM-1692.jpeg,133,90,embedded,
VM-1693,VM,,,28,swatches/VM-1693.jpeg,133,212,embedded,
VM-1694,VM,,,28,swatches/VM-1694.jpeg,133,212,embedded,
VM-1695,VM,,,28,swatches/VM-1695.jpeg,133,212,embedded,
VM-2035,VM,,,28,swatches/VM-2035.jpeg,134,90,embedded,
VM-2036,VM,,,28,swatches/VM-2036.jpeg,133,90,embedded,
VM-2037,VM,,,28,swatches/VM-2037.jpeg,133,90,embedded,
VM-2090,VM,,,28,swatches/VM-2090.jpeg,134,212,embedded,
VM-2360,VM,,,28,swatches/VM-2360.jpeg,279,212,embedded,
VM-2361,VM,,,28,swatches/VM-2361.jpeg,279,212,embedded,
VM-2362,VM,,,28,swatches/VM-2362.jpeg,133,212,embedded,
VM-2363,VM,,,28,swatches/VM-2363.jpeg,133,212,embedded,
VM-2364,VM,,,28,swatches/VM-2364.jpeg,279,212,embedded,
VM-2365,VM,,,28,swatches/VM-2365.jpeg,133,212,embedded,
VM-2366,VM,,,28,swatches/VM-2366.jpeg,133,212,embedded,
WG-156,WG,,,76,swatches/WG-156.jpeg,134,90,embedded,
WG-157,WG,,,75,swatches/WG-157.jpeg,133,90,embedded,
WG-166,WG,,,73,swatches/WG-166.jpeg,133,90,embedded,
WG-247,WG,,,73,swatches/WG-247.jpeg,133,212,embedded,
WG-250,WG,,,74,swatches/WG-250.jpx,133,90,embedded,
WG-256,WG,,,74,swatches/WG-256.jpeg,133,90,embedded,
WG-364,WG,,,75,swatches/WG-364.jpeg,133,90,embedded,
WG-364GN,WG,GN,,75,swatches/WG-364GN.jpeg,133,90,embedded,
WG-376,WG,,,73,swatches/WG-376.jpeg,133,90,embedded,
WG-417,WG,,,75,swatches/WG-417.jpeg,133,90,embedded,
WG-428,WG,,,76,swatches/WG-428.jpeg,133,90,embedded,
WG-453,WG,,,74,swatches/WG-453.jpeg,133,212,embedded,
WG-467,WG,,,73,swatches/WG-467.jpeg,133,90,embedded,
WG-629,WG,,,74,swatches/WG-629.jpeg,133,90,embedded,
WG-657,WG,,,73,swatches/WG-657.jpx,133,212,embedded,
WG-657EX,WG,EX,Exterior,10,swatches/WG-657EX.jpx,90,62,embedded,
WG-664,WG,,,76,swatches/WG-664.jpeg,133,90,embedded,
WG-693,WG,,,75,swatches/WG-693.jpeg,133,90,embedded,
WG-695,WG,,,76,swatches/WG-695.jpeg,133,90,embedded,
WG-695EX,WG,EX,Exterior,10,swatches/WG-695EX.jpeg,90,62,embedded,
WG-696,WG,,,76,swatches/WG-696.jpeg,133,212,embedded,
WG-697,WG,,,75,swatches/WG-697.jpeg,133,90,embedded,
WG-699,WG,,,74,swatches/WG-699.jpx,133,90,embedded,
WG-709,WG,,,74,swatches/WG-709.jpeg,133,90,embedded,
WG-763,WG,,,75,swatches/WG-763.jpeg,133,90,embedded,
WG-763GN,WG,GN,,75,swatches/WG-763GN.jpeg,425,336,embedded,
WG-831,WG,,,74,swatches/WG-831.jpeg,133,212,embedded,
WG-832,WG,,,74,swatches/WG-832.jpeg,133,90,embedded,
WG-833,WG,,,74,swatches/WG-833.jpeg,133,90,embedded,
WG-835,WG,,,74,swatches/WG-835.jpeg,133,90,embedded,
WG-836,WG,,,75,swatches/WG-836.jpx,133,90,embedded,
WG-837,WG,,,74,swatches/WG-837.jpeg,133,90,embedded,
WG-841,WG,,,75,swatches/WG-841.jpeg,133,90,embedded,
WG-845,WG,,,74,swatches/WG-845.jpeg,133,212,embedded,
WG-846,WG,,,74,swatches/WG-846.jpeg,133,212,embedded,
WG-854,WG,,,75,swatches/WG-854.jpeg,133,90,embedded,
WG-865,WG,,,75,swatches/WG-865.jpeg,133,90,embedded,
WG-877,WG,,,74,swatches/WG-877.jpeg,133,90,embedded,
WG-878,WG,,,74,swatches/WG-878.jpeg,133,212,embedded,
WG-879,WG,,,75,swatches/WG-879.jpx,133,90,embedded,
WG-943,WG,,,75,swatches/WG-943.jpeg,133,90,embedded,
WG-947,WG,,,76,swatches/WG-947.jpeg,133,90,embedded,
WG-960,WG,,,73,swatches/WG-960.jpeg,133,212,embedded,
WG-960EX,WG,EX,Exterior,10,swatches/WG-960EX.jpeg,90,62,embedded,
WG-964,WG,,,73,swatches/WG-964.jpeg,133,90,embedded,
WG-1044,WG,,,76,swatches/WG-1044.jpx,133,90,embedded,
WG-1044EX,WG,EX,Exterior,10,swatches/WG-1044EX.jpeg,90,62,embedded,
WG-1046,WG,,,73,swatches/WG-1046.jpeg,133,90,embedded,
WG-1050,WG,,,76,swatches/WG-1050.jpeg,133,90,embedded,
WG-1058,WG,,,74,swatches/WG-1058.jpx,134,90,embedded,
WG-1067,WG,,,73,swatches/WG-1067.jpx,133,90,embedded,
WG-1070,WG,,,76,swatches/WG-1070.jpeg,133,90,embedded,
WG-1140,WG,,,75,swatches/WG-1140.jpeg,133,90,embedded,
WG-1140EX,WG,EX,Exterior,10,swatches/WG-1140EX.jpeg,90,62,embedded,
WG-1140PO,WG,PO,E-Series PO Polyolefin,16,swatches/WG-1140PO.png,320,198,rendered,#FFFFFF
WG-1141,WG,,,73,swatches/WG-1141.jpeg,279,212,embedded,
WG-1142,WG,,,75,swatches/WG-1142.jpeg,133,90,embedded,
WG-1143,WG,,,73,swatches/WG-1143.jpeg,133,212,embedded,
WG-1143EX,WG,EX,Exterior,10,swatches/WG-1143EX.jpeg,90,62,embedded,
WG-1144,WG,,,73,swatches/WG-1144.jpeg,133,212,embedded,
WG-1144EX,WG,EX,Exterior,10,swatches/WG-1144EX.jpeg,90,62,embedded,
WG-1146,WG,,,75,swatches/WG-1146.jpeg,133,90,embedded,
WG-1147,WG,,,75,swatches/WG-1147.jpeg,133,90,embedded,
WG-1196,WG,,,76,swatches/WG-1196.jpeg,133,90,embedded,
WG-1219,WG,,,74,swatches/WG-1219.jpeg,133,212,embedded,
WG-1220,WG,,,73,swatches/WG-1220.jpeg,133,90,embedded,
WG-1221,WG,,,74,swatches/WG-1221.jpeg,133,212,embedded,
WG-1336,WG,,,76,swatches/WG-1336.jpeg,133,90,embedded,
WG-1337,WG,,,73,swatches/WG-1337.jpeg,133,90,embedded,
WG-1339,WG,,,73,swatches/WG-1339.jpeg,133,90,embedded,
WG-1340,WG,,,73,swatches/WG-1340.jpeg,133,90,embedded,
WG-1342,WG,,,76,swatches/WG-1342.jpeg,133,90,embedded,
WG-1343,WG,,,73,swatches/WG-1343.jpeg,133,90,embedded,
WG-1344,WG,,,73,swatches/WG-1344.jpeg,133,90,embedded,
WG-1346,WG,,,74,swatches/WG-1346.jpeg,133,90,embedded,
WG-1348,WG,,,76,swatches/WG-1348.jpeg,133,90,embedded,
WG-1353,WG,,,76,swatches/WG-1353.jpeg,133,90,embedded,
WG-1358,WG,,,74,swatches/WG-1358.jpeg,133,90,embedded,
WG-1360,WG,,,74,swatches/WG-1360.jpeg,133,212,embedded,
WG-1364,WG,,,76,swatches/WG-1364.jpx,133,90,embedded,
WG-1365,WG,,,73,swatches/WG-1365.jpx,133,90,embedded,
WG-1368,WG,,,76,swatches/WG-1368.jpeg,133,90,embedded,
WG-1369,WG,,,76,swatches/WG-1369.jpeg,133,90,embedded,
WG-1370,WG,,,76,swatches/WG-1370.jpeg,133,90,embedded,
WG-1371,WG,,,76,swatches/WG-1371.jpeg,133,90,embedded,
WG-1373,WG,,,76,swatches/WG-1373.jpeg,133,90,embedded,
WG-1375,WG,,,75,swatches/WG-1375.jpeg,133,90,embedded,
WG-1703,WG,,,76,swatches/WG-1703.jpeg,133,90,embedded,
WG-1704,WG,,,76,swatches/WG-1704.jpeg,133,90,embedded,
WG-1705,WG,,,73,swatches/WG-1705.jpeg,133,212,embedded,
WG-1708,WG,,,76,swatches/WG-1708.jpeg,133,90,embedded,
WG-1709,WG,,,73,swatches/WG-1709.jpeg,133,90,embedded,
WG-1710,WG,,,73,swatches/WG-1710.jpeg,133,90,embedded,
WG-1711GN,WG,GN,,75,swatches/WG-1711GN.jpeg,279,212,embedded,
WG-1812,WG,,,74,swatches/WG-1812.jpeg,133,90,embedded,
WG-1814,WG,,,74,swatches/WG-1814.jpeg,133,90,embedded,
WG-1815,WG,,,74,swatches/WG-1815.jpeg,133,90,embedded,
WG-1835,WG,,,76,swatches/WG-1835.jpeg,133,90,embedded,
WG-1836,WG,,,76,swatches/WG-1836.jpeg,133,90,embedded,
WG-1837,WG,,,73,swatches/WG-1837.jpeg,133,90,embedded,
WG-1838,WG,,,73,swatches/WG-1838.jpeg,133,90,embedded,
WG-1840,WG,,,73,swatches/WG-1840.jpeg,133,90,embedded,
WG-1841,WG,,,76,swatches/WG-1841.jpeg,133,90,embedded,
WG-1845,WG,,,74,swatches/WG-1845.jpx,133,90,embedded,
WG-1846,WG,,,73,swatches/WG-1846.jpeg,133,90,embedded,
WG-1848,WG,,,76,swatches/WG-1848.jpeg,133,90,embedded,
WG-2019,WG,,,76,swatches/WG-2019.jpeg,133,90,embedded,
WG-2033,WG,,,76,swatches/WG-2033.jpeg,133,90,embedded,
WG-2041,WG,,,76,swatches/WG-2041.jpx,133,90,embedded,
WG-2042,WG,,,76,swatches/WG-2042.jpeg,133,90,embedded,
WG-2047,WG,,,76,swatches/WG-2047.jpeg,133,90,embedded,
WG-2049,WG,,,73,swatches/WG-2049.jpeg,133,90,embedded,
WG-2071,WG,,,74,swatches/WG-2071.jpeg,133,90,embedded,
WG-2073,WG,,,73,swatches/WG-2073.jpeg,133,212,embedded,
WG-2075,WG,,,76,swatches/WG-2075.jpeg,133,212,embedded,
WG-2076,WG,,,62,swatches/WG-2076.jpeg,169,102,embedded,
WG-2078,WG,,,61,swatches/WG-2078.jpeg,196,239,embedded,
WG-2082H,WG,H,Horizontal grain,76,swatches/WG-2082H.jpeg,133,90,embedded,
WG-2083H,WG,H,Horizontal grain,73,swatches/WG-2083H.jpeg,133,90,embedded,
WG-2084H,WG,H,Horizontal grain,76,swatches/WG-2084H.jpeg,133,212,embedded,
WG-2085,WG,,,73,swatches/WG-2085.jpeg,133,90,embedded,
WG-2115,WG,,,74,swatches/WG-2115.jpeg,133,212,embedded,
WG-2246,WG,,,74,swatches/WG-2246.jpeg,133,90,embedded,
WG-2430,WG,,,72,swatches/WG-2430.jpeg,169,102,embedded,
WG-2431,WG,,,72,swatches/WG-2431.jpeg,169,102,embedded,
WG-2432,WG,,,72,swatches/WG-2432.jpeg,169,102,embedded,
WG-2433,WG,,,72,swatches/WG-2433.jpeg,169,102,embedded,
WG-2434,WG,,,72,swatches/WG-2434.jpeg,169,102,embedded,
WG-2440,WG,,,72,swatches/WG-2440.jpeg,169,102,embedded,
WG-2441,WG,,,72,swatches/WG-2441.jpeg,169,102,embedded,
WG-2442,WG,,,72,swatches/WG-2442.jpeg,169,102,embedded,
WG-2443,WG,,,72,swatches/WG-2443.jpeg,169,102,embedded,
WG-2444,WG,,,72,swatches/WG-2444.jpeg,169,102,embedded,
WG-2450,WG,,,72,swatches/WG-2450.jpeg,169,102,embedded,
WG-2451,WG,,,72,swatches/WG-2451.jpeg,169,102,embedded,
WG-2452,WG,,,72,swatches/WG-2452.jpeg,169,102,embedded,
WG-2453,WG,,,72,swatches/WG-2453.jpeg,168,190,embedded,
WG-2454,WG,,,72,swatches/WG-2454.jpeg,169,102,embedded,
WG-2460,WG,,,72,swatches/WG-2460.jpeg,169,102,embedded,
WG-2461,WG,,,72,swatches/WG-2461.jpeg,169,102,embedded,
WG-2462,WG,,,72,swatches/WG-2462.jpeg,169,102,embedded,
WG-2463,WG,,,72,swatches/WG-2463.jpeg,168,190,embedded,
WG-2464,WG,,,72,swatches/WG-2464.jpeg,169,102,embedded,
WG-2707,WG,,,76,swatches/WG-2707.jpeg,133,90,embedded,
WG-2839,WG,,,74,swatches/WG-2839.jpeg,133,90,embedded,
WG-2862,WG,,,75,swatches/WG-2862.jpeg,133,90,embedded,
WG-2944,WG,,,74,swatches/WG-2944.jpeg,133,212,embedded,
WG-7022,WG,,,75,swatches/WG-7022.jpeg,133,90,embedded,
WG-7024,WG,,,75,swatches/WG-7024.jpeg,133,90,embedded,
WG-7024EX,WG,EX,Exterior,10,swatches/WG-7024EX.jpeg,90,62,embedded,
WH-111,WH,,,13,swatches/WH-111.png,96,54,embedded,
